{
    "frames": [
        {
            "filename": "imgonline-com-ua-transparent-backgr-eeygerzhke8v",
            "frame": {
                "w": 439,
                "h": 159,
                "x": 0,
                "y": 0
            },
            "anchor": {
                "x": 0.5,
                "y": 0.5
            }
        },
        {
            "filename": "imgonline-com-ua-transparent-backgr-iyjqhjq3y6w",
            "frame": {
                "w": 403,
                "h": 246,
                "x": 0,
                "y": 159
            },
            "anchor": {
                "x": 0.5,
                "y": 0.5
            }
        },
        {
            "filename": "imgonline-com-ua-transparent-backgr-zy342v9taagko",
            "frame": {
                "w": 333,
                "h": 225,
                "x": 0,
                "y": 405
            },
            "anchor": {
                "x": 0.5,
                "y": 0.5
            }
        },
        {
            "filename": "imgonline-com-ua-transparent-backgr-td3auivkho5w",
            "frame": {
                "w": 327,
                "h": 212,
                "x": 439,
                "y": 0
            },
            "anchor": {
                "x": 0.5,
                "y": 0.5
            }
        },
        {
            "filename": "imgonline-com-ua-transparent-backgr-eqyqi1hmtc",
            "frame": {
                "w": 283,
                "h": 188,
                "x": 333,
                "y": 405
            },
            "anchor": {
                "x": 0.5,
                "y": 0.5
            }
        },
        {
            "filename": "rozisk",
            "frame": {
                "w": 241,
                "h": 187,
                "x": 403,
                "y": 212
            },
            "anchor": {
                "x": 0.5,
                "y": 0.5
            }
        },
        {
            "filename": "imgonline-com-ua-transparent-backgr-nfhlccovjlp",
            "frame": {
                "w": 89,
                "h": 188,
                "x": 644,
                "y": 212
            },
            "anchor": {
                "x": 0.5,
                "y": 0.5
            }
        },
        {
            "filename": "1",
            "frame": {
                "w": 65,
                "h": 124,
                "x": 616,
                "y": 400
            },
            "anchor": {
                "x": 0.5,
                "y": 0.5
            }
        },
        {
            "filename": "2",
            "frame": {
                "w": 65,
                "h": 124,
                "x": 681,
                "y": 400
            },
            "anchor": {
                "x": 0.5,
                "y": 0.5
            }
        },
        {
            "filename": "3",
            "frame": {
                "w": 65,
                "h": 124,
                "x": 0,
                "y": 630
            },
            "anchor": {
                "x": 0.5,
                "y": 0.5
            }
        },
        {
            "filename": "skaner",
            "frame": {
                "w": 65,
                "h": 109,
                "x": 65,
                "y": 630
            },
            "anchor": {
                "x": 0.5,
                "y": 0.5
            }
        },
        {
            "filename": "printer",
            "frame": {
                "w": 65,
                "h": 108,
                "x": 130,
                "y": 630
            },
            "anchor": {
                "x": 0.5,
                "y": 0.5
            }
        },
        {
            "filename": "imgonline-com-ua-transparent-backgr-s0kvkatosm1wzbg0",
            "frame": {
                "w": 55,
                "h": 104,
                "x": 195,
                "y": 630
            },
            "anchor": {
                "x": 0.5,
                "y": 0.5
            }
        },
        {
            "filename": "gunstore",
            "frame": {
                "w": 48,
                "h": 78,
                "x": 250,
                "y": 630
            },
            "anchor": {
                "x": 0.5,
                "y": 0.5
            }
        },
        {
            "filename": "imgonline-com-ua-transparent-backgr-qnrwrqdgsd2dw",
            "frame": {
                "w": 65,
                "h": 69,
                "x": 298,
                "y": 630
            },
            "anchor": {
                "x": 0.5,
                "y": 0.5
            }
        }
    ],
    "meta": {
        "description": "Atlas generado con Atlas Packer Gamma V2",
        "web": "https://gammafp.github.io/atlas-packer-phaser/"
    }
}